Precinct_key,MEDN_INC,PCT_DEM,PCT_REP
01015002201,31667.0,10.0,90.0
01049000112,34605.0,74.24242424242425,25.757575757575758
01073005290,158199.0,33.7962962962963,66.20370370370371
01073002430,0.0,16.079295154185022,83.92070484581498
